scenario,lp_cost
N0,1200.0
N20,1321.9451
N40,1089.3768
N60,1289.0176
N0cl,1200.0
N20cl,1244.5236
N40cl,1037.0879
N60cl,373.85095
rN0,498.04061
rN50,1075.7419
rN100,389.43298
rN200,1895.1034
rN0cl,1960.3076
rN50cl,1729.6632
rN100cl,1962.1082
rN200cl,1495.2318
N20stc,1125.9839
